# Name (string), plays (int), opp_plays(int), starting_plays(int), weights (floats)
Mem1, 1, 1, 0, 1.0, 0.52173487, 0.0, 0.12050939
1, 1, 1, 1, 1.0, 0.12304797, 0.0, 0.13581423, 1.0, 0.57740178, 0.0, 0.11886807
, 2, 2, 2, 1.0, 0.0, 1.0, 1.0, 0.0, 1.0, 1.0, 1.0, 0.0, 1.0, 0.0, 0.0, 0.0, 0.0, 0.0, 1.0, 0.93, 0.0, 1.0, 0.67, 0.42, 0.0, 0.0, 0.0, 0.0, 1.0, 0.0, 1.0, 0.0, 0.0, 0.0, 0.48, 0.0, 0.0, 0.0, 0.0, 1.0, 1.0, 1.0, 0.0, 0.19, 1.0, 1.0, 0.0, 0.0, 0.0, 0.0, 0.0, 1.0, 0.0, 1.0, 0.0, 0.0, 0.0, 1.0, 0.0, 1.0, 0.36, 0.0, 0.0, 0.0, 0.0, 0.0, 0.0
2, 2, 2, 2, 1.0, 1.0, 0.0, 0.02126434, 0.0, 1.0, 1.0, 0.0, 0.0, 0.0, 0.0, 0.0, 0.0, 0.0, 0.0, 1.0, 1.0, 0.95280465, 0.80897541, 0.0, 0.0, 0.0, 0.0, 0.65147565, 0.15412392, 0.24922166, 0.0, 0.0, 0.0, 0.0, 0.0, 0.24523149, 1.0, 0.0, 0.0, 0.43278586, 1.0, 0.0, 0.23563137, 1.0, 1.0, 1.0, 0.00227615, 0.0, 0.0, 0.0, 0.0, 1.0, 0.0, 0.0, 0.0, 0.0, 0.15140743, 0.0, 0.0, 0.0, 0.0, 0.0, 0.0, 1.0, 0.0, 1.0, 0.77344942, 0.0
05_noise, 2, 2, 2, 1.0, 0.0, 1.0, 0.63548102, 1.0, 1.0, 1.0, 0.0, 0.0, 1.0, 0.0, 0.0, 1.0, 0.0, 0.0, 0.0, 1.0, 1.0, 0.0, 0.0, 0.0, 0.13863175, 1.0, 0.7724137, 0.0, 1.0, 0.0, 0.07127653, 0.0, 1.0, 0.28124022, 0.0, 0.0, 0.98603825, 0.0, 0.0, 1.0, 0.06434619, 1.0, 1.0, 1.0, 0.50999729, 0.00524508, 1.0, 1.0, 1.0, 1.0, 1.0, 0.0, 1.0, 0.16240799, 0.0, 0.0, 1.0, 1.0, 0.0, 0.0, 1.0, 0.87463905, 0.0, 0.0, 1.0, 0.0, 0.0
# Need to retrain
moran, 2, 2, 2, 1.0, 0.71993163, 0.28407438, 0.09511812, 0.63881171, 0.27532537, 0.0186558, 0.0, 1.0, 1.0, 0.0, 0.0, 0.0, 0.0, 1.0, 0.4808009, 1.0, 0.0, 0.92154573, 1.0, 0.0, 0.0, 1.0, 0.82015107, 0.0, 0.81102616, 0.45770127, 0.0, 0.56733102, 0.0, 0.0, 0.0, 0.0, 0.86125588, 0.29555307, 0.18018539, 0.0, 0.39451918, 0.0, 0.88555564, 1.0, 0.34274981, 1.0, 0.11879046, 1.0, 0.0, 0.04581981, 0.50685043, 0.06056086, 0.0, 0.46840887, 0.0, 0.12372623, 0.63023537, 0.0, 0.0, 1.0, 0.0, 0.1861997, 1.0, 0.0, 0.45936219, 1.0, 1.0
