# Name (string), plays (int), opp_plays(int), starting_plays(int), weights (floats)
PSO Gambler Mem1, 1, 1, 0, 1.0, 0.52173487, 0.0, 0.12050939
PSO Gambler 1_1_1, 1, 1, 1, 1.0, 1.0, 0.12304797, 0.57740178, 0.0, 0.0, 0.13581423, 0.11886807
# , 2, 2, 2, 1.0, 0.0, 1.0, 1.0, 0.0, 1.0, 1.0, 1.0, 0.0, 1.0, 0.0, 0.0, 0.0, 0.0, 0.0, 1.0, 0.93, 0.0, 1.0, 0.67, 0.42, 0.0, 0.0, 0.0, 0.0, 1.0, 0.0, 1.0, 0.0, 0.0, 0.0, 0.48, 0.0, 0.0, 0.0, 0.0, 1.0, 1.0, 1.0, 0.0, 0.19, 1.0, 1.0, 0.0, 0.0, 0.0, 0.0, 0.0, 1.0, 0.0, 1.0, 0.0, 0.0, 0.0, 1.0, 0.0, 1.0, 0.36, 0.0, 0.0, 0.0, 0.0, 0.0, 0.0
PSO Gambler 2_2_2, 2, 2, 2, 1.0, 1.0, 1.0, 0.0, 1.0, 0.95280465, 0.0, 0.0, 0.0, 0.80897541, 0.0, 0.0, 0.02126434, 0.0, 0.43278586, 0.0, 0.0, 0.0, 1.0, 0.15140743, 1.0, 0.0, 0.0, 0.0, 1.0, 0.0, 0.23563137, 0.0, 0.0, 0.65147565, 1.0, 0.0, 0.0, 0.15412392, 1.0, 0.0, 0.0, 0.24922166, 1.0, 0.0, 0.0, 0.0, 0.00227615, 0.0, 0.0, 0.0, 0.0, 1.0, 0.0, 0.0, 0.0, 0.0, 0.0, 0.0, 0.0, 1.0, 0.0, 0.0, 0.0, 0.77344942, 1.0, 0.24523149, 1.0, 0.0
PSO Gambler 2_2_2 Noise 05, 2, 2, 2, 1.0, 1.0, 0.0, 0.0, 0.0, 1.0, 0.98603825, 1.0, 1.0, 0.0, 0.0, 0.16240799, 0.63548102, 0.0, 0.0, 0.0, 1.0, 0.0, 1.0, 0.0, 1.0, 0.13863175, 0.06434619, 1.0, 1.0, 1.0, 1.0, 1.0, 0.0, 0.7724137, 1.0, 0.0, 0.0, 0.0, 1.0, 0.0, 1.0, 1.0, 0.50999729, 1.0, 0.0, 0.0, 0.00524508, 0.87463905, 0.0, 0.07127653, 1.0, 0.0, 1.0, 0.0, 1.0, 0.0, 0.0, 1.0, 1.0, 1.0, 0.0, 0.28124022, 1.0, 0.0, 0.0, 0.0, 1.0, 0.0
