Defector,Alternator,Random,Tit For Tat,Cooperator
2.075,2.68125,2.70875,2.82375,3.53
2.04,2.66125,2.7275,2.8175,3.5225
2.025,2.7025,2.73,2.78875,3.4775
2.02,2.67375,2.7475,2.8175,3.5
1.995,2.72875,2.72875,2.80625,3.48125
1.98,2.68125,2.7825,2.8425,3.47375
1.975,2.69125,2.73875,2.80375,3.48875
2.0,2.7325,2.72125,2.825,3.515
2.025,2.6475,2.7125,2.8075,3.5525
2.0,2.70375,2.72125,2.80875,3.50375
