Defector,Alternator,Random,Tit For Tat,Cooperator
3.025,2.2875,2.27625,2.1725,1.45875
3.035,2.29,2.2625,2.19375,1.51125
2.97,2.30875,2.2475,2.1625,1.51125
3.04,2.30375,2.2975,2.20375,1.455
3.04,2.33125,2.21625,2.15875,1.50375
2.965,2.32,2.26375,2.16,1.47375
3.025,2.37,2.17875,2.1575,1.5375
2.99,2.3075,2.24625,2.17,1.515
2.99,2.34125,2.1975,2.1575,1.52625
3.015,2.28875,2.3075,2.1975,1.455
