Defector,Alternator,Random,Tit For Tat,Cooperator
2.99,2.35375,2.255,2.19625,1.48875
3.03,2.30125,2.25125,2.1925,1.5075
2.955,2.34,2.225,2.15875,1.5075
3.005,2.2975,2.26,2.17875,1.49625
3.005,2.34375,2.245,2.16875,1.47
3.015,2.3725,2.22875,2.17375,1.485
2.995,2.36625,2.21875,2.18375,1.5225
2.965,2.34125,2.3,2.19125,1.45125
3.01,2.34125,2.22375,2.19375,1.5525
3.01,2.31875,2.2425,2.17,1.4925
