Defector,Alternator,Random,Tit For Tat,Cooperator
3.025,2.35625,2.25875,2.2025,1.4925
3.055,2.2775,2.21375,2.17375,1.5375
3.045,2.2625,2.21,2.14875,1.515
2.93,2.2875,2.26375,2.165,1.4925
3.015,2.285,2.25875,2.16375,1.48125
3.06,2.355,2.2475,2.21375,1.51125
3.01,2.3125,2.21875,2.185,1.56
3.0,2.31875,2.225,2.1575,1.50375
3.03,2.25875,2.305,2.2125,1.49625
2.915,2.335,2.26875,2.20625,1.53
