Defector,Alternator,Random,Tit For Tat,Cooperator
3.015,2.29875,2.27625,2.19,1.4775
3.055,2.3025,2.22125,2.1775,1.5225
3.05,2.385,2.22625,2.1925,1.50375
3.035,2.265,2.24375,2.155,1.48125
3.005,2.2875,2.25375,2.18125,1.50375
3.005,2.32875,2.24875,2.19375,1.5075
2.98,2.33625,2.30375,2.19625,1.44
3.01,2.365,2.24375,2.19375,1.51125
3.025,2.37625,2.23875,2.19125,1.48875
3.01,2.3525,2.27,2.19,1.46625
