Defector,Alternator,Random,Tit For Tat,Cooperator
2.005,2.6475,2.75875,2.81125,3.49625
2.015,2.65625,2.72375,2.78375,3.5075
1.95,2.63,2.76,2.80375,3.49625
2.02,2.715,2.745,2.83,3.5
1.985,2.67,2.785,2.83625,3.48875
2.03,2.6475,2.72,2.81,3.53375
1.97,2.7075,2.77625,2.82625,3.47375
1.965,2.64625,2.7525,2.79625,3.49625
2.01,2.72875,2.7525,2.84625,3.5
1.975,2.67125,2.73375,2.8075,3.51875
