Defector,Alternator,Random,Tit For Tat,Cooperator
3.025,2.2775,2.24125,2.1575,1.4925
3.065,2.3525,2.2325,2.19125,1.50375
2.935,2.27875,2.26375,2.16125,1.5
3.12,2.30875,2.21,2.1825,1.5225
2.945,2.25,2.285,2.17125,1.4925
2.975,2.33125,2.23125,2.17,1.50375
2.97,2.24,2.2675,2.1625,1.5
3.055,2.3075,2.2325,2.1625,1.48125
3.02,2.36,2.185,2.15375,1.5
2.995,2.26,2.28375,2.195,1.5075
