Defector,Alternator,Random,Tit For Tat,Cooperator
2.965,2.29375,2.2575,2.18875,1.53375
2.99,2.30375,2.26875,2.18625,1.5
3.055,2.29875,2.24875,2.1875,1.51875
3.015,2.35125,2.22625,2.15875,1.48125
3.075,2.28,2.24125,2.18375,1.5075
3.035,2.295,2.2525,2.1875,1.49625
3.01,2.2775,2.2275,2.17125,1.54875
3.065,2.30875,2.2425,2.21125,1.51875
3.02,2.3025,2.235,2.17625,1.5225
2.96,2.28625,2.27625,2.17375,1.4925
