Defector,Alternator,Random,Tit For Tat,Cooperator
2.005,2.695,2.69625,2.79,3.52625
1.97,2.6725,2.73125,2.80625,3.515
1.96,2.6425,2.73375,2.79875,3.53375
1.955,2.63625,2.7725,2.7875,3.47
1.885,2.68625,2.7575,2.81375,3.51125
2.01,2.67125,2.76375,2.83875,3.5075
1.99,2.71125,2.735,2.79875,3.47375
1.965,2.66125,2.6775,2.775,3.5525
2.0,2.70875,2.735,2.81,3.4925
2.02,2.66125,2.75125,2.81625,3.4925
