Defector,Alternator,Random,Tit For Tat,Cooperator
2.965,2.365,2.28875,2.21875,1.48875
2.965,2.32625,2.23,2.1675,1.52625
2.985,2.31125,2.2725,2.1975,1.515
3.01,2.32875,2.27,2.20375,1.48875
3.06,2.3725,2.19875,2.1525,1.48125
2.94,2.31375,2.2575,2.17125,1.5
2.98,2.31,2.21875,2.155,1.50375
2.995,2.32625,2.255,2.195,1.5
3.015,2.32125,2.21125,2.175,1.53
3.02,2.3025,2.24,2.19625,1.545
