Defector,Alternator,Random,Tit For Tat,Cooperator
3.05,2.335,2.2225,2.19625,1.53375
2.985,2.33875,2.2675,2.21375,1.5225
3.02,2.33875,2.17875,2.18,1.5825
3.09,2.37625,2.22875,2.20125,1.50375
3.03,2.31375,2.21875,2.17125,1.53375
3.015,2.32375,2.20125,2.17,1.54125
2.985,2.32125,2.285,2.2,1.49625
3.015,2.29,2.255,2.175,1.51125
2.955,2.30625,2.295,2.16125,1.44
2.955,2.35125,2.265,2.2,1.5075
