Defector,Alternator,Random,Tit For Tat,Cooperator
2.035,2.7225,2.74125,2.8275,3.48875
1.965,2.69875,2.76625,2.8275,3.47
2.03,2.64125,2.76625,2.845,3.52625
2.035,2.66625,2.72375,2.8075,3.5225
1.945,2.74625,2.7525,2.82625,3.4925
1.965,2.6925,2.72625,2.77375,3.45875
2.02,2.66375,2.75375,2.81875,3.49625
2.035,2.63,2.77,2.8125,3.48125
1.965,2.69375,2.70625,2.78625,3.51875
1.97,2.7025,2.7175,2.76875,3.4775
