Defector,Alternator,Random,Tit For Tat,Cooperator
3.02,2.3325,2.2175,2.18125,1.52625
3.0,2.32625,2.2375,2.17125,1.5075
2.955,2.29625,2.2975,2.19625,1.47375
3.06,2.285,2.27125,2.19125,1.49625
2.955,2.3075,2.28625,2.19,1.48875
3.05,2.31875,2.21875,2.1675,1.51875
3.065,2.3875,2.1875,2.14875,1.46625
3.03,2.37,2.22375,2.17375,1.4925
3.015,2.3225,2.25875,2.20125,1.51875
3.04,2.325,2.275,2.17,1.4325
