Defector,Alternator,Random,Tit For Tat,Cooperator
2.995,2.33375,2.3,2.22125,1.4925
2.985,2.32125,2.23625,2.16125,1.4925
2.975,2.3125,2.3175,2.19625,1.45125
2.99,2.3075,2.25375,2.18125,1.4925
2.995,2.31875,2.2325,2.17875,1.5075
3.02,2.36,2.275,2.2175,1.48875
3.04,2.33,2.20875,2.14875,1.48875
2.975,2.345,2.25,2.18125,1.485
2.94,2.38875,2.2625,2.16875,1.45125
2.965,2.3175,2.25375,2.16,1.485
