Defector,Alternator,Random,Tit For Tat,Cooperator
3.005,2.255,2.26875,2.20625,1.545
3.0,2.35,2.24125,2.18125,1.49625
3.015,2.3275,2.2375,2.18375,1.50375
2.99,2.29875,2.31875,2.1975,1.44375
2.97,2.23625,2.31375,2.1975,1.4775
2.96,2.3325,2.2025,2.13625,1.5225
3.0,2.33375,2.27625,2.1875,1.46625
2.935,2.35,2.3025,2.19125,1.44375
2.985,2.3575,2.23,2.16125,1.5
2.97,2.28875,2.27625,2.20125,1.515
