Defector,Alternator,Random,Tit For Tat,Cooperator
2.96,2.32875,2.2825,2.19125,1.47
3.035,2.295,2.25875,2.18125,1.515
2.975,2.30875,2.25875,2.1975,1.5075
2.98,2.36,2.2475,2.19375,1.51875
2.98,2.31375,2.26,2.19,1.5
2.975,2.31375,2.2625,2.21125,1.53
2.97,2.32125,2.22875,2.175,1.53
3.03,2.30625,2.26125,2.19875,1.51875
2.985,2.3075,2.32,2.2,1.45125
2.98,2.28625,2.25125,2.175,1.515
