Defector,Alternator,Random,Tit For Tat,Cooperator
3.015,2.335,2.245,2.2,1.5
2.98,2.325,2.20625,2.1475,1.515
3.015,2.2775,2.2775,2.20375,1.51125
3.05,2.31,2.31875,2.1975,1.42875
3.015,2.305,2.275,2.1925,1.47375
3.065,2.3525,2.1775,2.16,1.53
2.98,2.2875,2.27875,2.1725,1.48125
3.06,2.36,2.215,2.165,1.485
2.98,2.36875,2.24375,2.18625,1.5075
2.975,2.36625,2.24125,2.19625,1.515
