Defector,Alternator,Random,Tit For Tat,Cooperator
1.995,2.74875,2.6925,2.82625,3.54875
1.955,2.62875,2.755,2.8025,3.52625
1.985,2.6625,2.75,2.8075,3.49625
1.98,2.7225,2.73375,2.81125,3.49625
1.985,2.66875,2.7475,2.8175,3.515
1.95,2.6625,2.77625,2.82,3.5075
2.0,2.75125,2.72875,2.8225,3.5
2.01,2.6925,2.7375,2.8125,3.4925
1.99,2.72,2.765,2.85625,3.51875
1.95,2.66875,2.76625,2.835,3.52625
