Defector,Alternator,Random,Tit For Tat,Cooperator
2.975,2.3575,2.25375,2.1775,1.4925
3.035,2.315,2.235,2.1825,1.5075
3.035,2.30625,2.26875,2.195,1.48125
3.055,2.33625,2.20625,2.15125,1.5
3.025,2.34125,2.2425,2.17625,1.47375
2.98,2.2975,2.27125,2.18375,1.4775
2.995,2.34875,2.22625,2.14875,1.47
2.965,2.325,2.205,2.1575,1.5375
3.005,2.3275,2.2475,2.1925,1.515
2.965,2.33375,2.29125,2.20875,1.48875
