Defector,Alternator,Random,Tit For Tat,Cooperator
2.98,2.32875,2.29375,2.215,1.5
2.945,2.30125,2.2575,2.19,1.52625
3.04,2.3125,2.2325,2.1775,1.52625
3.05,2.365,2.22125,2.19875,1.51875
3.055,2.2875,2.26375,2.19125,1.485
2.955,2.31625,2.28125,2.19625,1.5
3.035,2.30125,2.25125,2.19625,1.51125
2.975,2.3975,2.24125,2.18625,1.5
3.01,2.25625,2.2725,2.20125,1.5225
2.975,2.335,2.21625,2.15875,1.515
