Defector,Alternator,Random,Tit For Tat,Cooperator
3.13,2.3,2.175,2.14875,1.52625
2.97,2.31375,2.265,2.19625,1.49625
2.995,2.33,2.2625,2.19,1.4775
3.03,2.295,2.28875,2.20625,1.5
3.065,2.36625,2.175,2.14125,1.48875
3.01,2.2925,2.2625,2.1725,1.4925
2.99,2.31625,2.24125,2.1825,1.52625
3.025,2.31875,2.2675,2.18,1.47375
3.005,2.2775,2.3025,2.205,1.48875
2.995,2.33375,2.27875,2.1875,1.47375
