Defector,Alternator,Random,Tit For Tat,Cooperator
3.03,2.28375,2.2275,2.19875,1.56375
3.045,2.36375,2.29125,2.23125,1.48125
2.97,2.335,2.25375,2.17125,1.48875
2.955,2.295,2.29625,2.20625,1.48875
3.015,2.32125,2.21,2.17875,1.5375
3.07,2.32,2.245,2.20625,1.5225
3.085,2.31125,2.26625,2.195,1.47375
3.0,2.34875,2.215,2.18,1.5225
3.035,2.32125,2.2925,2.195,1.45875
3.005,2.32125,2.29,2.20375,1.4775
