Defector,Alternator,Random,Tit For Tat,Cooperator
2.99,2.355,2.19875,2.16125,1.5225
2.985,2.265,2.27375,2.17625,1.49625
3.0,2.37125,2.21375,2.15375,1.48125
2.955,2.32375,2.23875,2.1775,1.51875
3.035,2.355,2.20875,2.16,1.48875
2.995,2.34875,2.2575,2.21875,1.5375
2.99,2.3625,2.245,2.16875,1.46625
3.03,2.3225,2.2725,2.195,1.47375
2.945,2.33875,2.26375,2.19375,1.5225
2.98,2.34625,2.2925,2.20375,1.455
