Defector,Alternator,Random,Tit For Tat,Cooperator
3.025,2.3525,2.225,2.16,1.4925
3.055,2.29625,2.22125,2.15125,1.4925
3.01,2.3125,2.2725,2.20125,1.50375
2.95,2.3475,2.27,2.18375,1.48125
3.025,2.31125,2.29875,2.21375,1.485
2.97,2.32,2.27,2.175,1.485
3.07,2.31125,2.24625,2.17125,1.4925
3.0,2.32875,2.26375,2.205,1.50375
3.02,2.34625,2.2325,2.16125,1.46625
2.925,2.3425,2.295,2.19875,1.4775
