Defector,Alternator,Random,Tit For Tat,Cooperator
3.025,2.3725,2.2625,2.22375,1.515
3.0,2.325,2.2425,2.18875,1.515
3.0,2.2875,2.215,2.145,1.5
2.975,2.3475,2.22,2.18375,1.5375
2.965,2.28,2.23375,2.1475,1.515
3.025,2.33,2.2175,2.17625,1.50375
2.985,2.3175,2.25375,2.16875,1.5
3.075,2.345,2.235,2.19375,1.48875
3.045,2.335,2.23875,2.17375,1.49625
3.0,2.33875,2.23875,2.1925,1.5375
