Defector,Alternator,Random,Tit For Tat,Cooperator
2.98,2.29375,2.24625,2.1625,1.49625
3.04,2.2875,2.26125,2.1775,1.4925
2.97,2.31375,2.30125,2.2,1.46625
2.99,2.34,2.21,2.175,1.5225
3.005,2.30375,2.19375,2.165,1.55625
2.975,2.36125,2.19125,2.165,1.545
3.03,2.25625,2.27875,2.21625,1.5375
3.04,2.255,2.27375,2.1725,1.47375
3.025,2.29,2.25125,2.16375,1.4775
3.03,2.3175,2.22875,2.19,1.515
