Defector,Alternator,Random,Tit For Tat,Cooperator
3.03,2.3025,2.26875,2.175,1.46625
2.99,2.31375,2.2275,2.16375,1.515
3.005,2.2975,2.21375,2.155,1.54875
3.03,2.395,2.24125,2.18625,1.485
3.055,2.30375,2.245,2.19125,1.5
2.97,2.30625,2.23,2.18125,1.5525
2.965,2.32,2.2475,2.185,1.52625
3.0,2.31,2.25625,2.17125,1.47375
2.975,2.25875,2.31375,2.18,1.47375
2.995,2.31375,2.23,2.1725,1.5225
