Defector,Alternator,Random,Tit For Tat,Cooperator
3.02,2.38625,2.28875,2.22,1.455
3.035,2.325,2.23875,2.185,1.53
3.04,2.33125,2.23875,2.18875,1.515
2.985,2.34125,2.315,2.20625,1.44375
2.995,2.325,2.2525,2.165,1.485
2.995,2.32,2.23375,2.165,1.49625
3.04,2.3175,2.25,2.20125,1.515
3.02,2.29625,2.26375,2.20625,1.515
2.995,2.3225,2.21125,2.1775,1.5525
3.005,2.3325,2.23625,2.1825,1.53375
