Defector,Alternator,Random,Tit For Tat,Cooperator
3.015,2.28875,2.23625,2.17125,1.5225
3.045,2.29375,2.26,2.1625,1.47
2.985,2.33875,2.27125,2.1875,1.4775
2.98,2.28,2.29,2.20375,1.5
3.055,2.33,2.22875,2.16,1.48875
3.03,2.32875,2.23125,2.18375,1.5
3.03,2.32625,2.225,2.17625,1.5225
3.05,2.3075,2.2175,2.165,1.5
2.965,2.30125,2.26625,2.15625,1.47375
3.04,2.3525,2.25125,2.1775,1.455
